<?xml version="1.0" encoding="UTF-8"?>
<!DOCTYPE module PUBLIC "-//Puppy Crawl//DTD Check Configuration 1.3//EN" "http://www.puppycrawl.com/dtds/configuration_1_3.dtd">

<!--
    This configuration file was written by the eclipse-cs plugin configuration editor
-->
<!--
    Checkstyle-Configuration: Comp1510 checks v6
    Description: 
Slightly modified version of Sun Checks that better matches the default code formatter setting of Eclipse.
-->
<module name="Checker">
  <property name="severity" value="warning"/>
  <module name="TreeWalker">
    <property name="tabWidth" value="4"/>
    <module name="JavadocMethod">
      <property name="allowUndeclaredRTE" value="true"/>
      <property name="suppressLoadErrors" value="true"/>
    </module>
    <module name="JavadocType">
      <property name="authorFormat" value="\S"/>
      <property name="versionFormat" value="\d"/>
    </module>
    <module name="JavadocVariable"/>
    <module name="JavadocStyle">
      <property name="checkEmptyJavadoc" value="true"/>
    </module>
    <module name="ConstantName"/>
    <module name="LocalFinalVariableName"/>
    <module name="LocalVariableName"/>
    <module name="MemberName"/>
    <module name="MethodName"/>
    <module name="PackageName">
      <property name="format" value="^[a-z][a-zA-Z0-9]*(\.[a-zA-Z_][a-zA-Z0-9_]*)*$"/>
    </module>
    <module name="ParameterName"/>
    <module name="StaticVariableName"/>
    <module name="TypeName"/>
    <module name="AvoidStarImport"/>
    <module name="IllegalImport"/>
    <module name="RedundantImport"/>
    <module name="UnusedImports"/>
    <module name="LineLength">
      <property name="tabWidth" value="4"/>
    </module>
    <module name="MethodLength"/>
    <module name="ParameterNumber"/>
    <module name="EmptyForIteratorPad"/>
    <module name="GenericWhitespace"/>
    <module name="MethodParamPad"/>
    <module name="NoWhitespaceAfter">
      <property name="tokens" value="BNOT,DEC,DOT,INC,LNOT,UNARY_MINUS,UNARY_PLUS"/>
    </module>
    <module name="NoWhitespaceBefore"/>
    <module name="OperatorWrap"/>
    <module name="ParenPad"/>
    <module name="TypecastParenPad">
      <property name="tokens" value="RPAREN,TYPECAST"/>
    </module>
    <module name="WhitespaceAfter"/>
    <module name="WhitespaceAround">
      <property name="tokens" value="ASSIGN,BAND,BAND_ASSIGN,BOR,BOR_ASSIGN,BSR,BSR_ASSIGN,BXOR,BXOR_ASSIGN,COLON,DIV,DIV_ASSIGN,EQUAL,GE,GT,LAND,LCURLY,LE,LITERAL_ASSERT,LITERAL_CATCH,LITERAL_DO,LITERAL_ELSE,LITERAL_FINALLY,LITERAL_FOR,LITERAL_IF,LITERAL_RETURN,LITERAL_SYNCHRONIZED,LITERAL_TRY,LITERAL_WHILE,LOR,LT,MINUS,MINUS_ASSIGN,MOD,MOD_ASSIGN,NOT_EQUAL,PLUS,PLUS_ASSIGN,QUESTION,RCURLY,SL,SLIST,SL_ASSIGN,SR,SR_ASSIGN,STAR,STAR_ASSIGN,LITERAL_ASSERT,TYPE_EXTENSION_AND,WILDCARD_TYPE"/>
    </module>
    <module name="ModifierOrder"/>
    <module name="RedundantModifier"/>
    <module name="AvoidNestedBlocks"/>
    <module name="EmptyBlock"/>
    <module name="LeftCurly"/>
    <module name="NeedBraces"/>
    <module name="RightCurly"/>

    <module name="EmptyStatement"/>
    <module name="EqualsHashCode"/>
    <module name="HiddenField">
      <property name="ignoreConstructorParameter" value="true"/>
      <property name="ignoreSetter" value="true"/>
    </module>
    <module name="IllegalInstantiation"/>
    <module name="InnerAssignment"/>
    <module name="MagicNumber">
      <property name="constantWaiverParentToken" value="TYPECAST,METHOD_CALL,EXPR,ARRAY_INIT,UNARY_MINUS,UNARY_PLUS,ELIST,STAR,ASSIGN,PLUS,MINUS,DIV,LITERAL_NEW"/>
    </module>
    <module name="MissingSwitchDefault"/>
    <module name="SimplifyBooleanExpression"/>
    <module name="SimplifyBooleanReturn"/>
    <module name="FinalClass"/>
    <module name="InterfaceIsType"/>
    <module name="VisibilityModifier"/>
    <module name="ArrayTypeStyle"/>
    <module name="UpperEll"/>
    <module name="DefaultComesLast"/>
    <module name="ModifiedControlVariable"/>
    <module name="StringLiteralEquality"/>
    <module name="SuperClone"/>
    <module name="SuperFinalize"/>
    <module name="IllegalCatch"/>
    <module name="IllegalThrows"/>
    <module name="DeclarationOrder"/>
    <module name="MultipleVariableDeclarations"/>
    <module name="ExplicitInitialization"/>
    <module name="FallThrough"/>
  </module>
  <module name="Translation"/>
  <module name="FileLength"/>
  <module name="FileTabCharacter"/>
</module>
